"","participant","group","lag","det_target","det_trial","explained_variance_target","explained_variance_trial","log_exp_var_target","log_exp_var_trial","var_diff","det_diff"
"1","101","Blocked","1back",0.998349869100372,0.99728047708215,0.0016501308996284,0.00271952291785027,0.0016487709295157,0.00271583170610876,-0.00106706077659305,-0.00106706077659305
"2","101","Blocked","2back",0.996053418811975,0.994634121874179,0.00394658118802493,0.00536587812582079,0.00393881386602558,0.00535153309470192,-0.00141271922867634,-0.00141271922867634
"3","101","Blocked","3back",0.976966799541286,0.987637872696925,0.023033200458714,0.012362127303075,0.0227719404592074,0.0122863401616398,0.0104856002975676,0.0104856002975676
"4","101","Blocked","4back",0.931577769622963,0.974923052439185,0.0684222303770372,0.0250769475608155,0.0661830092040289,0.0247676805637402,0.0414153286402888,0.0414153286402888
"5","102","Random","1back",0.774031367295138,0.999483762846787,0.225968632704862,0.000516237153213028,0.203731252117272,0.000516103948655306,0.203215148168617,0.203215148168617
"6","102","Random","2back",0.591740662673588,0.99603035014529,0.408259337326412,0.00396964985471038,0.342354429217296,0.003961791584249,0.338392637633047,0.338392637633047
"7","102","Random","3back",0.430784048098257,0.967766514453819,0.569215951901743,0.0322334855461808,0.450576100928498,0.0317248871539595,0.418851213774539,0.418851213774539
"8","102","Random","4back",0.272624583109,0.935827911076489,0.727375416891,0.0641720889235113,0.54660315648514,0.0621971155513864,0.484406040933754,0.484406040933754
"9","103","Blocked","1back",0.902807156350728,0.910100213689421,0.0971928436492718,0.0898997863105789,0.0927549576842401,0.0860857528497817,0.00666920483445836,0.00666920483445836
"10","103","Blocked","2back",0.82815941953622,0.846515363341261,0.17184058046378,0.153484636658739,0.158575658407718,0.142787479651547,0.0157881787561708,0.0157881787561708
"11","103","Blocked","3back",0.737837473567399,0.76382911664401,0.262162526432601,0.23617088335599,0.232826540638856,0.212018604621525,0.020807936017331,0.020807936017331
"12","103","Blocked","4back",0.654632794878578,0.692148078874663,0.345367205121422,0.307851921125337,0.296666990752165,0.268386036477429,0.0282809542747359,0.0282809542747359
"13","104","Random","1back",0.99549242668154,0.999325062484999,0.00450757331845997,0.000674937515001361,0.00449744463563067,0.000674709847111979,0.00382273478851869,0.00382273478851869
"14","104","Random","2back",0.978078538700618,0.99076996878549,0.0219214612993822,0.00923003121450972,0.0216846407848931,0.00918769478802807,0.012496945996865,0.012496945996865
"15","104","Random","3back",0.955911671670564,0.979481860401839,0.0440883283294359,0.0205181395981605,0.0431440915611247,0.0203104783162142,0.0228336132449106,0.0228336132449106
"16","104","Random","4back",0.92763505252986,0.954086741137071,0.0723649474701397,0.0459132588629291,0.0698664407862902,0.0448904356868611,0.0249760050994291,0.0249760050994291
"17","105","Blocked","1back",0.994983512326528,0.994595068606158,0.00501648767347163,0.00540493139384202,0.00500394702171346,0.00539037717165117,-0.000386430149937709,-0.000386430149937709
"18","105","Blocked","2back",0.975936578360352,0.975712581070676,0.0240634216396481,0.0242874189293237,0.0237784598943798,0.0239971697815069,-0.000218709887127036,-0.000218709887127036
"19","105","Blocked","3back",0.958499981305507,0.954921593823738,0.0415000186944933,0.0450784061762617,0.0406619996684748,0.0440919124359204,-0.00342991276744554,-0.00342991276744554
"20","105","Blocked","4back",0.943275441935813,0.93425314143732,0.056724558064187,0.0657468585626805,0.0551740845318703,0.0636758290282312,-0.00850174449636085,-0.00850174449636085
"21","106","Random","1back",0.936957811281006,0.998135662508022,0.0630421887189937,0.00186433749197756,0.0611347869250182,0.00186260177181286,0.0592721851532053,0.0592721851532053
"22","106","Random","2back",0.894323156010343,0.944207658465885,0.105676843989657,0.0557923415341155,0.100457675948133,0.0542915196721441,0.0461661562759891,0.0461661562759891
"23","106","Random","3back",0.854335022548864,0.876939131833305,0.145664977451136,0.123060868166695,0.135985234759573,0.116057875682561,0.0199273590770119,0.0199273590770119
"24","106","Random","4back",0.816525738746066,0.821357391898007,0.183474261253934,0.178642608101993,0.168454401745494,0.164363444220792,0.00409095752470204,0.00409095752470204
"25","107","Blocked","1back",0.981591492384295,0.983116290008865,0.0184085076157047,0.0168837099911353,0.0182411221300393,0.0167427644036622,0.00149835772637712,0.00149835772637712
"26","107","Blocked","2back",0.984592416854242,0.985480773636228,0.0154075831457584,0.0145192263637718,0.0152900916397276,0.0144148316702175,0.000875259969510118,0.000875259969510118
"27","107","Blocked","3back",0.973094628804346,0.976774275918807,0.0269053711956535,0.0232257240811934,0.0265497857037624,0.0229601117807724,0.00358967392299005,0.00358967392299005
"28","107","Blocked","4back",0.961802313378154,0.968427541357089,0.0381976866218456,0.0315724586429107,0.037486216149836,0.0310842969591924,0.00640191919064355,0.00640191919064355
"29","108","Random","1back",0.935644480452112,0.953059911691941,0.064355519547888,0.0469400883080591,0.0623694700222429,0.0458717080047827,0.0164977620174602,0.0164977620174602
"30","108","Random","2back",0.868940569802298,0.90625323484348,0.131059430197702,0.0937467651565199,0.123154742347361,0.0896092011141316,0.033545541233229,0.033545541233229
"31","108","Random","3back",0.814930432804302,0.852015364612064,0.185069567195698,0.147984635387936,0.169801479358196,0.138007913999393,0.0317935653588032,0.0317935653588032
"32","108","Random","4back",0.747950385077262,0.810090881511656,0.252049614922738,0.189909118488344,0.224781900425256,0.173876933188825,0.0509049672364308,0.0509049672364308
"33","109","Blocked","1back",0.989888576163225,0.988185822925103,0.0101114238367751,0.0118141770748973,0.0100606453987654,0.0117449345139428,-0.00168428911517742,-0.00168428911517742
"34","109","Blocked","2back",0.981260943005873,0.978396460181334,0.0187390569941271,0.0216035398186657,0.0185656439143873,0.0213734907053907,-0.00280784679100339,-0.00280784679100339
"35","109","Blocked","3back",0.966025613766044,0.96311868553759,0.0339743862339561,0.0368813144624098,0.0334100042455263,0.0362174718414702,-0.00280746759594392,-0.00280746759594392
"36","109","Blocked","4back",0.945721232185993,0.944052775009699,0.0542787678140074,0.0559472249903014,0.0528569007410598,0.0544382077002691,-0.00158130695920927,-0.00158130695920927
"37","110","Random","1back",0.982197867358505,0.992946639701489,0.0178021326414952,0.00705336029851122,0.0176455305147655,0.00702860170543893,0.0106169288093266,0.0106169288093266
"38","110","Random","2back",0.966183067872779,0.98403564140031,0.0338169321272208,0.01596435859969,0.033257712178487,0.0158382684225531,0.0174194437559339,0.0174194437559339
"39","110","Random","3back",0.941588568382171,0.968499563229683,0.0584114316178294,0.0315004367703169,0.0567691346085695,0.0310144769612823,0.0257546576472872,0.0257546576472872
"40","110","Random","4back",0.916425276278735,0.948837170134005,0.0835747237212653,0.0511628298659954,0.0802655047489772,0.0498970084065207,0.0303684963424565,0.0303684963424565
"41","111","Blocked","1back",0.993076646431549,0.993196924107917,0.00692335356845097,0.00680307589208329,0.0068994972035391,0.00678003939164275,0.000119457811896355,0.000119457811896355
"42","111","Blocked","2back",0.939363223477799,0.943503493833649,0.0606367765222012,0.0564965061663512,0.0588694603245126,0.0549582510797236,0.00391120924478894,0.00391120924478894
"43","111","Blocked","3back",0.887041347518569,0.896074696834155,0.112958652481431,0.103925303165845,0.107021921990973,0.0988722853899853,0.00814963660098787,0.00814963660098787
"44","111","Blocked","4back",0.838529866417014,0.850704597787529,0.161470133582986,0.149295402212471,0.149686559236929,0.139149060873368,0.0105374983635616,0.0105374983635616
"45","112","Random","1back",0.988997075510234,0.993661097527456,0.0110029244897663,0.00633890247254421,0.0109428327045425,0.00631889613125341,0.00462393657328913,0.00462393657328913
"46","112","Random","2back",0.970258007224572,0.986294932474221,0.0297419927754277,0.0137050675257786,0.0293082784120291,0.0136120024326668,0.0156962759793623,0.0156962759793623
"47","112","Random","3back",0.933636169698163,0.94691028848164,0.0663638303018372,0.0530897115183603,0.0642545717357276,0.0517284256466536,0.0125261460890739,0.0125261460890739
"48","112","Random","4back",0.890201984783097,0.89698342964039,0.109798015216903,0.10301657035961,0.104178030492947,0.0980487631500083,0.00612926734293913,0.00612926734293913
"49","113","Blocked","1back",0.999998874464714,0.999988194456367,1.12553528552883e-06,1.18055436331144e-05,1.12553465200345e-06,1.18054739482326e-05,-1.06799392962291e-05,-1.06799392962291e-05
"50","113","Blocked","2back",0.99955194437105,0.999151653150102,0.000448055628950117,0.000848346849898429,0.000447955281999692,0.000847987207096526,-0.000400031925096834,-0.000400031925096834
"51","113","Blocked","3back",0.98025781603773,0.971679749544376,0.0197421839622696,0.0283202504556236,0.0195498345254752,0.0279266461988688,-0.00837681167339364,-0.00837681167339364
"52","113","Blocked","4back",0.951645567674202,0.933144141820605,0.0483544323257977,0.0668558581793954,0.0472217275066906,0.0647158724530801,-0.0174941449463895,-0.0174941449463895
"53","114","Random","1back",0.996230486462556,0.983734451916771,0.00376951353744404,0.0162655480832286,0.00376242672493023,0.0161346812297392,-0.012372254504809,-0.012372254504809
"54","114","Random","2back",0.982441466869152,0.954520474857917,0.0175585331308482,0.0454795251420826,0.017406163098556,0.0444756558995519,-0.0270694928009959,-0.0270694928009959
"55","114","Random","3back",0.963172155987904,0.924723275914953,0.0368278440120965,0.075276724085047,0.0361659019768083,0.0725780462068932,-0.0364121442300848,-0.0364121442300848
"56","114","Random","4back",0.944012011406059,0.86977419235062,0.0559879885939411,0.13022580764938,0.0544768107818244,0.122417442539151,-0.0679406317573268,-0.0679406317573268
"57","115","Blocked","1back",0.994462241336729,0.992833380202464,0.00553775866327133,0.00716661979753619,0.00552248165208129,0.00714106161574022,-0.00161857996365893,-0.00161857996365893
"58","115","Blocked","2back",0.955178675201309,0.955550575293019,0.0448213247986909,0.0444494247069807,0.0438458897439632,0.0434898802648412,0.000356009479121969,0.000356009479121969
"59","115","Blocked","3back",0.903843649899591,0.919742816504439,0.0961563501004087,0.0802571834955607,0.0918098335526411,0.0771991456532576,0.0146106878993835,0.0146106878993835
"60","115","Blocked","4back",0.844906458191217,0.878651850257967,0.155093541808783,0.121348149742033,0.144181329273392,0.11453166656163,0.0296496627117616,0.0296496627117616
"61","116","Random","1back",0.905541495527532,0.976524135438545,0.0944585044724675,0.0234758645614551,0.0902597244913721,0.0232045445626644,0.0670551799287077,0.0670551799287077
"62","116","Random","2back",0.818536749071734,0.910359524920997,0.181463250928266,0.0896404750790025,0.166753713418619,0.0858478024550186,0.0809059109636007,0.0809059109636007
"63","116","Random","3back",0.69542480252679,0.851908173796697,0.30457519747321,0.148091826203303,0.265877468604172,0.138101282680478,0.127776185923694,0.127776185923694
"64","116","Random","4back",0.583064854280216,0.805428148445368,0.416935145719784,0.194571851554632,0.348496190938318,0.177787837966826,0.170708352971492,0.170708352971492
"65","117","Blocked","1back",0.975630148682289,0.978854825595228,0.0243698513177113,0.0211451744047718,0.0240776443339165,0.0209247175220861,0.00315292681183036,0.00315292681183036
"66","117","Blocked","2back",0.964669652138811,0.969826972925407,0.0353303478611887,0.0301730270745935,0.0347205524687698,0.0297267755842941,0.00499377688447563,0.00499377688447563
"67","117","Blocked","3back",0.940039579277706,0.950877648718731,0.0599604207222937,0.0491223512812685,0.0582315684856278,0.0479539587244886,0.0102776097611392,0.0102776097611392
"68","117","Blocked","4back",0.918700130079882,0.933024805718744,0.0812998699201184,0.066975194281256,0.0781639006698173,0.0648277239530827,0.0133361767167346,0.0133361767167346
"69","118","Random","1back",0.970745793038223,0.948543173824849,0.0292542069617774,0.0514568261751512,0.0288344690646996,0.0501766560453385,-0.0213421869806389,-0.0213421869806389
"70","118","Random","2back",0.927438251413237,0.902780914497375,0.0725617485867627,0.0972190855026249,0.0700499446025625,0.0927788746644621,-0.0227289300618996,-0.0227289300618996
"71","118","Random","3back",0.869508368204196,0.863136411033475,0.130491631795804,0.136863588966525,0.122652610493368,0.128273233047156,-0.00562062255378738,-0.00562062255378738
"72","118","Random","4back",0.788941978190831,0.830520920988997,0.211058021809169,0.169479079011003,0.191494375734649,0.156558418050113,0.0349359576845366,0.0349359576845366
"73","119","Blocked","1back",0.973963399999664,0.969648749855257,0.0260366000003364,0.0303512501447426,0.0257034186272766,0.0298997636655937,-0.00419634503831715,-0.00419634503831715
"74","119","Blocked","2back",0.943148269379778,0.936500780548281,0.0568517306202219,0.0634992194517187,0.05529442327419,0.0615646217149788,-0.00627019844078885,-0.00627019844078885
"75","119","Blocked","3back",0.876424375297117,0.884140482922368,0.123575624702883,0.115859517077632,0.116516122084977,0.109624975280662,0.00689114680431469,0.00689114680431469
"76","119","Blocked","4back",0.815265458629507,0.831817048413963,0.184734541370493,0.168182951586037,0.169518733770722,0.15544950877168,0.0140692249990418,0.0140692249990418
"77","120","Random","1back",0.98480865927006,0.995143101049466,0.0151913407299403,0.00485689895053365,0.0150771077618254,0.00484514226880171,0.0102319654930237,0.0102319654930237
"78","120","Random","2back",0.963376557441943,0.990332391310321,0.0366234425580569,0.0096676086896792,0.0359687413721436,0.00962117638052942,0.0263475649916141,0.0263475649916141
"79","120","Random","3back",0.940317836320526,0.969511476661578,0.0596821636794743,0.0304885233384218,0.0579690175758986,0.0300329843027809,0.0279360332731177,0.0279360332731177
"80","120","Random","4back",0.916428688713051,0.94754581066266,0.0835713112869494,0.0524541893373398,0.080262355506369,0.0511247600569108,0.0291375954494581,0.0291375954494581
"81","121","Blocked","1back",0.890051748131349,0.88774835765577,0.109948251868651,0.11225164234423,0.104313394299347,0.10638646729922,-0.00207307299987265,-0.00207307299987265
"82","121","Blocked","2back",0.763485397109857,0.764444061517467,0.236514602890143,0.235555938482533,0.212296617768185,0.211521021409082,0.00077559635910307,0.00077559635910307
"83","121","Blocked","3back",0.663191681708501,0.664025596947012,0.336808318291499,0.335974403052988,0.290284920819707,0.289660915539435,0.000624005280272955,0.000624005280272955
"84","121","Blocked","4back",0.564361508529103,0.569816558252817,0.435638491470897,0.430183441747183,0.361609692045903,0.357802716986606,0.00380697505929767,0.00380697505929767
"85","122","Random","1back",0.936318037871347,0.947459557940089,0.0636819621286531,0.0525404420599112,0.0617364384637977,0.0512067105961978,0.0105297278675998,0.0105297278675998
"86","122","Random","2back",0.872907590484393,0.868984540980755,0.127092409515607,0.131015459019245,0.119641227717096,0.1231158654926,-0.00347463777550447,-0.00347463777550447
"87","122","Random","3back",0.793486998787286,0.795698471117839,0.206513001212714,0.204301528882161,0.187734381998958,0.185899754802848,0.00183462719611041,0.00183462719611041
"88","122","Random","4back",0.718731376204337,0.718060512470007,0.281268623795663,0.281939487529993,0.247850699444335,0.248374155769777,-0.000523456325442206,-0.000523456325442206
"89","123","Random","1back",0.990035850898526,0.997852684087109,0.00996414910147359,0.00214731591289075,0.00991483428403715,0.0021450137251698,0.00776982055886735,0.00776982055886735
"90","123","Random","2back",0.958166838398242,0.988014492212666,0.0418331616017579,0.011985507787334,0.0409818168856679,0.0119142503944894,0.0290675664911785,0.0290675664911785
"91","123","Random","3back",0.909241074247629,0.954658643988546,0.0907589257523714,0.0453413560114536,0.0868737161211476,0.0443434885464559,0.0425302275746917,0.0425302275746917
"92","123","Random","4back",0.854836051032527,0.914876610496716,0.145163948967473,0.0851233895032839,0.135547813627097,0.081693703570949,0.0538541100561477,0.0538541100561477
"93","124","Blocked","1back",0.99732913994533,0.997887035264156,0.0026708600546701,0.00211296473584399,0.00266729964611394,0.00211073556540992,0.000556564080704021,0.000556564080704021
"94","124","Blocked","2back",0.993412138211256,0.995005879864941,0.00658786178874449,0.00499412013505918,0.00656625666308187,0.00498169088204276,0.00158456578103911,0.00158456578103911
"95","124","Blocked","3back",0.947653916293261,0.952042834644789,0.0523460837067393,0.0479571653552114,0.0510220371220272,0.046842712310876,0.00417932481115118,0.00417932481115118
"96","124","Blocked","4back",0.901385967351607,0.90652489478299,0.0986140326483926,0.0934751052170102,0.094049415054703,0.089360794727394,0.00468862032730906,0.00468862032730906
"97","125","Blocked","1back",0.984780552631546,0.985184637118001,0.0152194473684536,0.0148153628819987,0.0151047934288634,0.0147066874557527,0.000398105973110706,0.000398105973110706
"98","125","Blocked","2back",0.972458229310705,0.972174304791378,0.0275417706892946,0.027825695208622,0.0271693193009253,0.0274455954664715,-0.000276276165546169,-0.000276276165546169
"99","125","Blocked","3back",0.899346971744485,0.914428635952837,0.100653028255515,0.0855713640471633,0.0959036657071898,0.0821064511942677,0.0137972145129221,0.0137972145129221
"100","125","Blocked","4back",0.824740215452433,0.855256357300157,0.175259784547567,0.144743642699843,0.161489216390588,0.135180719099894,0.0263084972906935,0.0263084972906935
"101","126","Random","1back",0.84528344430695,0.983650491533602,0.15471655569305,0.0163495084663984,0.143854907530334,0.0162172943964054,0.127637613133928,0.127637613133928
"102","126","Random","2back",0.690243217111893,0.948425079085345,0.309756782888107,0.0515749209146549,0.269841458058277,0.0502889650865985,0.219552492971679,0.219552492971679
"103","126","Random","3back",0.556997519506619,0.904787907982014,0.443002480493381,0.0952120920179857,0.366725998773888,0.0909480358533445,0.275777962920544,0.275777962920544
"104","126","Random","4back",0.456622132836287,0.847271976494589,0.543377867163713,0.152728023505411,0.433973434627355,0.142131327516453,0.291842107110902,0.291842107110902
"105","127","Blocked","1back",0.994159588531328,0.99516687902723,0.00584041146867176,0.00483312097276967,0.00582342238235155,0.00482147894009979,0.00100194344225176,0.00100194344225176
"106","127","Blocked","2back",0.934281472770479,0.939006835210273,0.0657185272295209,0.0609931647897274,0.0636492451265173,0.0592054173770962,0.00444382774942113,0.00444382774942113
"107","127","Blocked","3back",0.88868796274063,0.890936728111571,0.11131203725937,0.109063271888429,0.105541332842847,0.10351575984124,0.0020255730016065,0.0020255730016065
"108","127","Blocked","4back",0.844135347389286,0.847288061270224,0.155864652610714,0.152711938729776,0.14484868087881,0.142117373758473,0.00273130712033631,0.00273130712033631
"109","128","Random","1back",0.98586450250246,0.997862018233586,0.01413549749754,0.00213798176641378,0.0140365229651484,0.00213569953572985,0.0119008234294185,0.0119008234294185
"110","128","Random","2back",0.96907510538594,0.994913237440707,0.0309248946140601,0.00508676255929263,0.0304563552562793,0.00507386868950966,0.0253824865667696,0.0253824865667696
"111","128","Random","3back",0.915425822485067,0.991553253240912,0.0845741775149327,0.00844674675908752,0.081187446838739,0.00841127261444505,0.0727761742242939,0.0727761742242939
"112","128","Random","4back",0.868149811253581,0.973687307831456,0.131850188746419,0.0263126921685443,0.1238536289262,0.0259724685116473,0.0978811604145525,0.0978811604145525
"113","129","Blocked","1back",0.988912723172256,0.989093730122289,0.0110872768277436,0.0109062698777107,0.0110262635405868,0.0108472254315765,0.000179038109010203,0.000179038109010203
"114","129","Blocked","2back",0.976912945530084,0.977637070675737,0.023087054469916,0.0223629293242626,0.0228245805824697,0.0221165454981199,0.000708035084349794,0.000708035084349794
"115","129","Blocked","3back",0.965113159034499,0.966851518732147,0.0348868409655005,0.0331484812678527,0.0342920883396273,0.0326109177248019,0.0016811706148254,0.0016811706148254
"116","129","Blocked","4back",0.950994944764784,0.953600554152758,0.0490050552352165,0.0463994458472415,0.0478421485018968,0.0453551721404213,0.00248697636147548,0.00248697636147548
"117","130","Random","1back",0.935043007495536,0.992419398146973,0.0649569925044636,0.00758060185302667,0.0629344157210714,0.00755201347795695,0.0553824022431145,0.0553824022431145
"118","130","Random","2back",0.834531853345512,0.96942491382496,0.165468146654488,0.0305750861750402,0.153122848922419,0.0301169825222146,0.123005866400204,0.123005866400204
"119","130","Random","3back",0.73224209409732,0.952686790910084,0.26775790590268,0.0473132090899161,0.237249911842097,0.0462280362352488,0.191021875606848,0.191021875606848
"120","130","Random","4back",0.617172034829884,0.942214856527864,0.382827965170116,0.0577851434721364,0.324130652443508,0.0561772348093259,0.267953417634182,0.267953417634182
"121","131","Blocked","1back",0.985057047326934,0.989135868000963,0.0149429526730657,0.0108641319990375,0.0148324066512425,0.0108055412931202,0.00402686535812226,0.00402686535812226
"122","131","Blocked","2back",0.956015193079609,0.964701308497976,0.0439848069203906,0.0352986915020239,0.0430449365963079,0.0346899759062223,0.00835496069008566,0.00835496069008566
"123","131","Blocked","3back",0.920135207603979,0.934175737305178,0.0798647923960213,0.0658242626948224,0.0768358410730214,0.0637484553942052,0.0130873856788161,0.0130873856788161
"124","131","Blocked","4back",0.883611193898581,0.905867017557367,0.116388806101419,0.0941329824426335,0.110099195848517,0.0899622527757225,0.0201369430727946,0.0201369430727946
"125","132","Random","1back",0.91086663582977,0.959219152170275,0.0891333641702303,0.0407808478297246,0.0853823012554043,0.0399712466534269,0.0454110546019774,0.0454110546019774
"126","132","Random","2back",0.812785441321534,0.88516909023878,0.187214558678466,0.11483090976122,0.17160985639358,0.108702742973624,0.0629071134199552,0.0629071134199552
"127","132","Random","3back",0.715569315035681,0.782810358515405,0.284430684964319,0.217189641484595,0.250315573452612,0.196544628886652,0.0537709445659599,0.0537709445659599
"128","132","Random","4back",0.625239100977358,0.661418866829975,0.374760899022642,0.338581133170025,0.318279824377737,0.291610197135671,0.0266696272420662,0.0266696272420662
"129","133","Blocked","1back",0.999812089645261,0.999794935444569,0.000187910354739307,0.000205064555431123,0.00018789270180001,0.000205043532569045,-1.71508307690348e-05,-1.71508307690348e-05
"130","133","Blocked","2back",0.999483806120565,0.999563994767731,0.000516193879434912,0.00043600523226861,0.000516060697204259,0.000435910209606465,8.01504875977943e-05,8.01504875977943e-05
"131","133","Blocked","3back",0.989621155215129,0.991783657678337,0.0103788447848706,0.00821634232166335,0.0103253543694643,0.00818277193956862,0.00214258242989569,0.00214258242989569
"132","133","Blocked","4back",0.975818022668538,0.981215862659404,0.0241819773314622,0.0187841373405958,0.023894223066123,0.0186098940575036,0.00528432900861935,0.00528432900861935
"133","134","Random","1back",0.967607578930166,0.99980245894373,0.0323924210698341,0.000197541056270012,0.0318788477561761,0.000197521547604688,0.0316813262085714,0.0316813262085714
"134","134","Random","2back",0.92695435696548,0.997739534246747,0.0730456430345202,0.00226046575325323,0.0705010005206688,0.00225791474413163,0.0682430857765372,0.0682430857765372
"135","134","Random","3back",0.886449354098988,0.991637734386887,0.113550645901012,0.00836226561311337,0.107553690202281,0.00832749557308365,0.0992261946291974,0.0992261946291974
"136","134","Random","4back",0.842922999827082,0.974954266105523,0.157077000172918,0.0250457338944773,0.145896997572637,0.0247372300286351,0.121159767544002,0.121159767544002
"137","135","Blocked","1back",0.999229569065438,0.999859978970136,0.000770430934562416,0.000140021029863768,0.000770134304995236,0.000140011227834238,0.000630123077160998,0.000630123077160998
"138","135","Blocked","2back",0.991345597795478,0.992260802422926,0.00865440220452185,0.00773919757707375,0.0086171675407104,0.00770940360970609,0.000907763931004316,0.000907763931004316
"139","135","Blocked","3back",0.969386963458929,0.970296002876958,0.0306130365410708,0.0297039971230423,0.0301538062993523,0.0292713795056476,0.000882426793704785,0.000882426793704785
"140","135","Blocked","4back",0.946860666031553,0.949349778934623,0.0531393339684469,0.0506502210653771,0.0517755453558821,0.0494092306657224,0.00236631469015974,0.00236631469015974
"141","136","Random","1back",0.985988475712169,0.990251077421807,0.0140115242878306,0.00974892257819271,0.0139142702797835,0.00970170844243772,0.00421256183734581,0.00421256183734581
"142","136","Random","2back",0.899345717515365,0.947291165756754,0.100654282484635,0.0527088342432458,0.0959048052383346,0.051366684225534,0.0445381210128006,0.0445381210128006
"143","136","Random","3back",0.827457319463203,0.894740706916651,0.172542680536797,0.105259293083349,0.159174621986487,0.100079961816756,0.0590946601697308,0.0590946601697308
"144","136","Random","4back",0.76407377951992,0.825874269337222,0.23592622048008,0.174125730662778,0.211820665085631,0.160523811636429,0.0512968534492019,0.0512968534492019
"145","137","Blocked","1back",0.990395520267007,0.991530032145053,0.00960447973299305,0.00846996785494714,0.00955864993145042,0.00843429894537114,0.00112435098607928,0.00112435098607928
"146","137","Blocked","2back",0.979273355465115,0.98444010458348,0.0207266445348849,0.0155598954165204,0.0205147702649996,0.0154400815067788,0.00507468875822088,0.00507468875822088
"147","137","Blocked","3back",0.934059027994255,0.938905855302611,0.065940972005745,0.0610941446973895,0.0638579508575325,0.059300587738171,0.00455736311936148,0.00455736311936148
"148","137","Blocked","4back",0.888470527833497,0.896471498583055,0.111529472166503,0.103528501416945,0.105736969739949,0.098512774579522,0.00722419516042669,0.00722419516042669
"149","138","Random","1back",0.99038516063873,0.998397779405631,0.00961483936126972,0.00160222059436876,0.00956891095478642,0.00160093840833269,0.00796797254645374,0.00796797254645374
"150","138","Random","2back",0.974860894011324,0.970377555852692,0.0251391059886756,0.0296224441473083,0.0248283165418573,0.0291921759620594,-0.00436385942020208,-0.00436385942020208
"151","138","Random","3back",0.93650826170161,0.937930529568988,0.0634917382983904,0.0620694704310117,0.0615575872202612,0.0602193353987644,0.00133825182149678,0.00133825182149678
"152","138","Random","4back",0.895960356680505,0.891003250781798,0.104039643319495,0.108996749218202,0.0989758560140885,0.103455777090897,-0.00447992107680853,-0.00447992107680853
"153","139","Blocked","1back",0.962114582331427,0.963384275050795,0.0378854176685728,0.036615724949205,0.0371853910480061,0.0359612963952466,0.00122409465275949,0.00122409465275949
"154","139","Blocked","2back",0.921145452647591,0.928587097401447,0.0788545473524087,0.0714129025985527,0.0758998739940576,0.0689782471386655,0.00692162685539213,0.00692162685539213
"155","139","Blocked","3back",0.88007667826706,0.894003600159956,0.11992332173294,0.105996399840044,0.113260220224877,0.100746647977344,0.0125135722475326,0.0125135722475326
"156","139","Blocked","4back",0.835594628861526,0.860033212575866,0.164405371138474,0.139966787424134,0.152210545673672,0.130999128143527,0.0212114175301449,0.0212114175301449
"157","140","Random","1back",0.960465153859809,0.974014200157401,0.0395348461401911,0.0259857998425987,0.0387733497744659,0.0256539063434419,0.0131194434310241,0.0131194434310241
"158","140","Random","2back",0.927206415839062,0.949825043902537,0.0727935841609382,0.050174956097463,0.0702660725059817,0.0489567751437796,0.0213092973622021,0.0213092973622021
"159","140","Random","3back",0.906459372476399,0.909891238561366,0.0935406275236007,0.0901087614386343,0.0894207141012047,0.0862774723996075,0.00314324170159715,0.00314324170159715
"160","140","Random","4back",0.858199887994761,0.860165760754778,0.141800112005239,0.139834239245222,0.132606062643339,0.130882847663335,0.00172321498000483,0.00172321498000483
"161","141","Blocked","1back",0.994033487247276,0.993991625768087,0.00596651275272375,0.00600837423191269,0.00594878360136222,0.0059903959290962,-4.16123277339813e-05,-4.16123277339813e-05
"162","141","Blocked","2back",0.989851286170618,0.989272493715988,0.0101487138293815,0.0107275062840121,0.010097561429444,0.0106703748107843,-0.000572813381340275,-0.000572813381340275
"163","141","Blocked","3back",0.982978969729936,0.982191856240485,0.0170210302700636,0.0178081437595149,0.0168777955842468,0.0176514364763236,-0.000773640892076825,-0.000773640892076825
"164","141","Blocked","4back",0.95379934884012,0.954646008775278,0.0462006511598796,0.0453539912247224,0.0451651743589588,0.0443555756382318,0.000809598720726994,0.000809598720726994
"165","142","Random","1back",0.976397566398217,0.958311452102259,0.0236024336017828,0.0416885478977415,0.0233282027936197,0.0408430002814645,-0.0175147974878448,-0.0175147974878448
"166","142","Random","2back",0.943683538850677,0.913141496281394,0.0563164611493228,0.0868585037186058,0.0547878195079286,0.0832914282940163,-0.0285036087860876,-0.0285036087860876
"167","142","Random","3back",0.90936274658864,0.870755916377176,0.0906372534113604,0.129244083622824,0.0867621615651258,0.121548456329486,-0.0347862947643604,-0.0347862947643604
"168","142","Random","4back",0.871880118526534,0.8055647332545,0.128119881473466,0.1944352667455,0.12055242533078,0.177673493553003,-0.057121068222223,-0.057121068222223
"169","201","Blocked","1back",0.999445917263218,0.998461776875119,0.000554082736782258,0.00153822312488061,0.000553929289621656,0.00153704127150389,-0.00098311198188223,-0.00098311198188223
"170","201","Blocked","2back",0.993250828389746,0.992108630535444,0.00674917161025435,0.00789136946455637,0.00672649791348265,0.00786039545340994,-0.00113389753992729,-0.00113389753992729
"171","201","Blocked","3back",0.984181286304714,0.985383145632572,0.0158187136952864,0.014616854367428,0.0156949018332364,0.0145110578471199,0.00118384398611648,0.00118384398611648
"172","201","Blocked","4back",0.977114837014587,0.978769729785688,0.0228851629854128,0.0212302702143116,0.0226272255221849,0.0210080477538642,0.00161917776832064,0.00161917776832064
"173","202","Random","1back",0.98452953433748,0.996412630996053,0.0154704656625196,0.0035873690039474,0.0153520180727975,0.00358094974335242,0.0117710683294451,0.0117710683294451
"174","202","Random","2back",0.955310978502188,0.991946739140061,0.0446890214978121,0.00805326085993885,0.0437192540455181,0.00802100640799199,0.0356982476375262,0.0356982476375262
"175","202","Random","3back",0.92846827800909,0.98663566569895,0.0715317219909096,0.0133643343010499,0.0690891407111032,0.0132758193423091,0.0558133213687941,0.0558133213687941
"176","202","Random","4back",0.907446412830777,0.96079505531723,0.0925535871692231,0.0392049446827705,0.0885176968251731,0.0384559445257218,0.0500617522994513,0.0500617522994513
"177","203","Blocked","1back",0.96049114449174,0.96240372385184,0.0395088555082604,0.0375962761481603,0.0387483472871095,0.0369067651047906,0.00184158218231887,0.00184158218231887
"178","203","Blocked","2back",0.93204039104708,0.936125814329453,0.0679596089529204,0.0638741856705473,0.0657499204903626,0.0619171373775405,0.00383278311282208,0.00383278311282208
"179","203","Blocked","3back",0.907871623318474,0.914519274358852,0.0921283766815256,0.0854807256411478,0.0881284314766212,0.0820229539751096,0.00610547750151164,0.00610547750151164
"180","203","Blocked","4back",0.88535726307263,0.895569868715958,0.11464273692737,0.104430131284042,0.108533938256353,0.099329483646313,0.00920445461003956,0.00920445461003956
"181","204","Random","1back",0.992090729229891,0.975277743575105,0.00790927077010861,0.0247222564248946,0.00787815644147147,0.0244216065299799,-0.0165434500885084,-0.0165434500885084
"182","204","Random","2back",0.979878461713652,0.945976922773983,0.0201215382863481,0.0540230772260172,0.0199217753804589,0.0526143447808252,-0.0326925694003663,-0.0326925694003663
"183","204","Random","3back",0.963958317125348,0.91512293676356,0.0360416828746524,0.0848770632364401,0.0354073774629008,0.0814666747999727,-0.0460592973370719,-0.0460592973370719
"184","204","Random","4back",0.948761540907884,0.872397182207275,0.0512384590921158,0.127602817792725,0.0499689539732878,0.120093979184039,-0.0701250252107513,-0.0701250252107513
"185","205","Blocked","1back",0.994831789512368,0.99753801893885,0.00516821048763227,0.00246198106115003,0.00515490112517215,0.0024589553509205,0.00269594577425165,0.00269594577425165
"186","205","Blocked","2back",0.971320743162965,0.97682361370601,0.0286792568370353,0.0231763862939903,0.0282757045081042,0.0229118927264993,0.00536381178160489,0.00536381178160489
"187","205","Blocked","3back",0.943774879754242,0.950598091889383,0.0562251202457584,0.0494019081106172,0.0547013446149129,0.0482203905560494,0.00648095405886351,0.00648095405886351
"188","205","Blocked","4back",0.916748445926214,0.921996328740437,0.0832515540737856,0.0780036712595631,0.0799672162768579,0.0751108781021223,0.00485633817473557,0.00485633817473557
"189","206","Random","1back",0.993705129399614,0.998690396810093,0.00629487060038603,0.00130960318990658,0.00627514065745156,0.00130874640759728,0.00496639424985428,0.00496639424985428
"190","206","Random","2back",0.982536918039529,0.994194339003883,0.017463081960471,0.00580566099611746,0.0173123545908338,0.00578887309156595,0.0115234814992679,0.0115234814992679
"191","206","Random","3back",0.967845114200789,0.983934324139924,0.032154885799211,0.0160656758600761,0.0316487389367939,0.0159379886616754,0.0157107502751185,0.0157107502751185
"192","206","Random","4back",0.953991771396701,0.94685947287132,0.0460082286032992,0.0531405271286798,0.0449812323453442,0.0517766783109608,-0.00679544596561652,-0.00679544596561652
"193","207","Blocked","1back",0.995031695695678,0.993971220712552,0.00496830430432205,0.00602877928744849,0.00495600300805601,0.00601067890995559,-0.00105467590189958,-0.00105467590189958
"194","207","Blocked","2back",0.985851897777579,0.983556909617124,0.0141481022224207,0.0164430903828755,0.0140489519222061,0.0163093666684084,-0.00226041474620229,-0.00226041474620229
"195","207","Blocked","3back",0.973036271229979,0.96975521711343,0.0269637287700214,0.0302447828865701,0.0266066126693998,0.0297964272944071,-0.00318981462500729,-0.00318981462500729
"196","207","Blocked","4back",0.959289391541934,0.954299276710642,0.0407106084580661,0.0457007232893578,0.0399037571891075,0.0446872093017669,-0.00478345211265942,-0.00478345211265942
"197","208","Random","1back",0.984911230996054,0.952131576110815,0.0150887690039462,0.0478684238891846,0.0149760658163425,0.0467580282927634,-0.031781962476421,-0.031781962476421
"198","208","Random","2back",0.961441777581693,0.916232597262802,0.0385582224183068,0.083767402737198,0.0378334267185058,0.0804433068726827,-0.0426098801541769,-0.0426098801541769
"199","208","Random","3back",0.943375217942497,0.885493155828783,0.0566247820575034,0.114506844171217,0.0550796600040714,0.108412014848903,-0.0533323548448312,-0.0533323548448312
"200","208","Random","4back",0.92643760546171,0.857448008883594,0.0735623945382902,0.142551991116406,0.070982459179825,0.133264349198456,-0.0622818900186306,-0.0622818900186306
"201","209","Blocked","1back",0.997020270418438,0.997347631402352,0.00297972958156179,0.00265236859764761,0.00297529898650683,0.00264885727556858,0.000326441710938243,0.000326441710938243
"202","209","Blocked","2back",0.957760414757516,0.95620427482147,0.0422395852424843,0.0437957251785305,0.0413718451574679,0.0428638047776421,-0.00149195962017417,-0.00149195962017417
"203","209","Blocked","3back",0.918883583302234,0.917653304394661,0.0811164166977656,0.0823466956053395,0.0779942263809875,0.0791315501774431,-0.00113732379645562,-0.00113732379645562
"204","209","Blocked","4back",0.884432437672291,0.884460556291924,0.115567562327709,0.115539443708076,0.10936329991221,0.109338093931897,2.52059803125121e-05,2.52059803125121e-05
"205","210","Random","1back",0.974853382136205,0.993033778027711,0.0251466178637952,0.00696622197228858,0.0248356441792028,0.00694206994870321,0.0178935742304996,0.0178935742304996
"206","210","Random","2back",0.925050115794735,0.934257748643919,0.0749498842052654,0.0657422513560809,0.0722740411489716,0.0636715060349042,0.00860253511406735,0.00860253511406735
"207","210","Random","3back",0.875695888967133,0.866102201096934,0.124304111032867,0.133897798903066,0.117164276293502,0.125661076820006,-0.00849680052650469,-0.00849680052650469
"208","210","Random","4back",0.841371797466495,0.805676670359123,0.158628202533505,0.194323329640877,0.147236721291174,0.177579773656087,-0.0303430523649123,-0.0303430523649123
"209","211","Blocked","1back",0.994736786262766,0.994372374909214,0.00526321373723426,0.00562762509078574,0.00524941143627062,0.00561184916834859,-0.000362437732077971,-0.000362437732077971
"210","211","Blocked","2back",0.98549629451044,0.984715851400573,0.0145037054895598,0.0152841485994273,0.0143995328049671,0.0151685226742823,-0.00076898986931522,-0.00076898986931522
"211","211","Blocked","3back",0.979991090589394,0.978905200992469,0.0200089094106062,0.0210947990075311,0.0198113619743129,0.0208753840471696,-0.00106402207285673,-0.00106402207285673
"212","211","Blocked","4back",0.971537161300835,0.970495623158848,0.0284628386991647,0.0295043768411517,0.0280652979065001,0.0290774989008095,-0.00101220099430937,-0.00101220099430937
"213","212","Random","1back",0.989306707595393,0.999822120450466,0.0106932924046066,0.00017787954953441,0.0106365234925124,0.000177863730843192,0.0104586597616692,0.0104586597616692
"214","212","Random","2back",0.980337288984159,0.994466757986912,0.0196627110158406,0.00553324201308758,0.0194718971363233,0.00551798986618002,0.0139539072701433,0.0139539072701433
"215","212","Random","3back",0.950960311043693,0.985084850317163,0.0490396889563074,0.0149151496828366,0.0478751637378109,0.0148050126277897,0.0330701511100213,0.0330701511100213
"216","212","Random","4back",0.923744153878667,0.971964097468944,0.0762558461213325,0.0280359025310556,0.0734882086812481,0.0276500910642271,0.045838117617021,0.045838117617021
"217","213","Blocked","1back",0.992181385093426,0.989425419786255,0.00781861490657432,0.0105745802137452,0.0077882079278456,0.0105190603965951,-0.00273085246874952,-0.00273085246874952
"218","213","Blocked","2back",0.964934551965661,0.97424663027475,0.0350654480343392,0.0257533697252497,0.0344646595338825,0.0254273374678354,0.00903732206604707,0.00903732206604707
"219","213","Blocked","3back",0.940398018161397,0.958815167323724,0.0596019818386033,0.0411848326762763,0.0578933487788863,0.0403593268753101,0.0175340219035761,0.0175340219035761
"220","213","Blocked","4back",0.906573575889934,0.934920825197163,0.0934264241100656,0.0650791748028368,0.0893162741065067,0.0630491389359938,0.0262671351705129,0.0262671351705129
"221","214","Random","1back",0.982748764860263,0.995958927655844,0.0172512351397374,0.0040410723441564,0.0171041220938009,0.00403292914211815,0.0130711929516828,0.0130711929516828
"222","214","Random","2back",0.980541351377948,0.988969624277125,0.019458648622052,0.0110303757228751,0.0192717497605868,0.0109699848123814,0.00830176494820538,0.00830176494820538
"223","214","Random","3back",0.979775506107053,0.967192679314591,0.0202244938929467,0.0328073206854086,0.0200226951313859,0.0322806487178629,-0.012257953586477,-0.012257953586477
"224","214","Random","4back",0.945029966371966,0.898059869393713,0.0549700336280339,0.101940130606287,0.0535123623805808,0.0970723813114282,-0.0435600189308474,-0.0435600189308474
"225","215","Blocked","1back",0.984643909792949,0.980560630841313,0.0153560902070514,0.0194393691586874,0.0152393787582693,0.0192528381100804,-0.00401345935181104,-0.00401345935181104
"226","215","Blocked","2back",0.982491735057326,0.969846433968823,0.0175082649426737,0.0301535660311768,0.0173567610954058,0.0297078843624051,-0.0123511232669994,-0.0123511232669994
"227","215","Blocked","3back",0.961336728572275,0.953050641302564,0.0386632714277253,0.0469493586974359,0.037934570491396,0.0458805627123606,-0.00794599222096459,-0.00794599222096459
"228","215","Blocked","4back",0.933293033916558,0.935849561277672,0.0667069660834423,0.064150438722328,0.0645763011271255,0.0621767707014843,0.00239953042564126,0.00239953042564126
"229","216","Random","1back",0.995002479001415,0.999560241701995,0.00499752099858453,0.000439758298004689,0.00498507483992186,0.000439661632662909,0.00454541320725895,0.00454541320725895
"230","216","Random","2back",0.990810675902326,0.998866384235838,0.00918932409767426,0.00113361576416249,0.00914735914941665,0.00113297370699716,0.00801438544241949,0.00801438544241949
"231","216","Random","3back",0.980102281928306,0.997097092764661,0.019897718071694,0.00290290723533915,0.0197023458678653,0.00289870193655967,0.0168036439313056,0.0168036439313056
"232","216","Random","4back",0.967270375340952,0.984225608285201,0.0327296246590479,0.0157743917147992,0.0322054178907674,0.0156512690995201,0.0165541487912473,0.0165541487912473
"233","217","Blocked","1back",0.985059409432573,0.98688533459074,0.0149405905674266,0.0131146654092595,0.0148300793200545,0.0130294127493079,0.00180066657074664,0.00180066657074664
"234","217","Blocked","2back",0.937197179414124,0.95016478980244,0.0628028205858757,0.0498352101975603,0.0609095888197172,0.0486332091836525,0.0122763796360648,0.0122763796360648
"235","217","Blocked","3back",0.880995813173438,0.908918825572657,0.119004186826562,0.091081174427343,0.112439170901486,0.0871691077745399,0.0252700631269458,0.0252700631269458
"236","217","Blocked","4back",0.822891571484076,0.862855750294308,0.177108428515924,0.137144249705692,0.16306094681838,0.128520075415786,0.0345408714025934,0.0345408714025934
"237","218","Random","1back",0.999952423220877,0.998601308059475,4.75767791234816e-05,0.00139869194052522,4.75756473844219e-05,0.0013977146821026,-0.00135013903471818,-0.00135013903471818
"238","218","Random","2back",0.999023842177342,0.995140097132008,0.000976157822657919,0.00485990286799165,0.000975681690438819,0.00484813166258612,-0.0038724499721473,-0.0038724499721473
"239","218","Random","3back",0.996616942896029,0.990660877354736,0.00338305710397113,0.0093391226452636,0.00337734744007566,0.00929578266864527,-0.00591843522856961,-0.00591843522856961
"240","218","Random","4back",0.965935139913605,0.983751433931991,0.0340648600863948,0.016248566068009,0.0334975014752403,0.0161179708756986,0.0173795305995417,0.0173795305995417
"241","219","Blocked","1back",0.976279044138973,0.976065315505663,0.0237209558610267,0.0239346844943371,0.0234439854393769,0.0236527399094883,-0.000208754470111434,-0.000208754470111434
"242","219","Blocked","2back",0.949284415193069,0.950303513138733,0.0507155848069311,0.0496964868612675,0.0494714413873325,0.0485010622513732,0.000970379135959293,0.000970379135959293
"243","219","Blocked","3back",0.906491832944795,0.908100057028729,0.0935081670552048,0.091899942971271,0.0893910298358342,0.0879192458089885,0.00147178402684568,0.00147178402684568
"244","219","Blocked","4back",0.854889930717168,0.859787198767446,0.145110069282832,0.140212801232554,0.135500762763994,0.131214912734002,0.00428585002999132,0.00428585002999132
"245","220","Random","1back",0.987690530215561,0.992423364821434,0.0123094697844394,0.00757663517856644,0.0122343243001805,0.00754807663929509,0.00468624766088541,0.00468624766088541
"246","220","Random","2back",0.975723251987656,0.978775704425583,0.0242767480123436,0.0212242955744172,0.0239867518339975,0.0210021973031424,0.00298455453085516,0.00298455453085516
"247","220","Random","3back",0.963538916331552,0.963772586870318,0.0364610836684482,0.0362274131296816,0.0358121062828487,0.0355866304912692,0.000225475791579492,0.000225475791579492
"248","220","Random","4back",0.949431665228427,0.941269292702326,0.0505683347715729,0.0587307072976737,0.0493312889460299,0.0570707446671442,-0.00773945572111422,-0.00773945572111422
"249","221","Blocked","1back",0.976875142930986,0.975115784586932,0.0231248570690136,0.0248842154130681,0.0228615294428383,0.0245796456372289,-0.00171811619439059,-0.00171811619439059
"250","221","Blocked","2back",0.941007947292835,0.938373585025686,0.0589920527071651,0.0616264149743144,0.0573175620652984,0.0598020859553107,-0.0024845238900123,-0.0024845238900123
"251","221","Blocked","3back",0.903550582649085,0.90023839293479,0.0964494173509146,0.0997616070652098,0.0920771568048203,0.0950934354671586,-0.00301627866233826,-0.00301627866233826
"252","221","Blocked","4back",0.851670349339008,0.861292646487736,0.148329650660992,0.138707353512264,0.13830840882081,0.129893718627098,0.0084146901937118,0.0084146901937118
"253","222","Random","1back",0.998496360388504,0.997068354776967,0.00150363961149569,0.00293164522303302,0.00150251027738776,0.00292735633147049,-0.00142484605408272,-0.00142484605408272
"254","222","Random","2back",0.996877687048749,0.993758597231918,0.00312231295125109,0.00624140276808161,0.00311744865477533,0.00622200588117506,-0.00310455722639973,-0.00310455722639973
"255","222","Random","3back",0.991228233086297,0.9735784077414,0.00877176691370285,0.0264215922585996,0.00873351847449917,0.0260785709828572,-0.017345052508358,-0.017345052508358
"256","222","Random","4back",0.983949725491666,0.953058701897916,0.0160502745083339,0.0469412981020843,0.0159228307158506,0.0458728635564133,-0.0299500328405627,-0.0299500328405627
"257","223","Blocked","1back",0.999918127328374,0.998943906285741,8.18726716258489e-05,0.00105609371425908,8.18693202415926e-05,0.00105553643961419,-0.000973667119372602,-0.000973667119372602
"258","223","Blocked","2back",0.995098082407207,0.994680553955915,0.00490191759279346,0.00531944604408519,0.00488994231336105,0.00530534776556504,-0.000415405452203985,-0.000415405452203985
"259","223","Blocked","3back",0.987289854684003,0.987782279235951,0.0127101453159971,0.0122177207640486,0.0126300493922228,0.0121436868210871,0.000486362571135695,0.000486362571135695
"260","223","Blocked","4back",0.943098687701168,0.943076262900282,0.0569013122988323,0.0569237370997179,0.0553413366813979,0.0553625539537476,-2.121727234973e-05,-2.121727234973e-05
"261","224","Random","1back",0.989688057968133,0.990727649839892,0.0103119420318675,0.00927235016010808,0.0102591366646435,0.00922962582164504,0.00102951084299844,0.00102951084299844
"262","224","Random","2back",0.968868476459458,0.965355188197185,0.0311315235405424,0.0346448118028149,0.0306567658031048,0.0340581908165183,-0.00340142501341346,-0.00340142501341346
"263","224","Random","3back",0.91678627210705,0.937212857666372,0.0832137278929497,0.0627871423336284,0.0799322965565608,0.0608948369131678,0.0190374596433929,0.0190374596433929
"264","224","Random","4back",0.86749439260162,0.88438575608619,0.13250560739838,0.11561424391381,0.124432529707942,0.109405144629639,0.0150273850783039,0.0150273850783039
"265","225","Blocked","1back",0.965575361910282,0.963195306755725,0.0344246380897182,0.0368046932442749,0.0338453669174083,0.0361435732687017,-0.00229820635129342,-0.00229820635129342
"266","225","Blocked","2back",0.924231303867612,0.917049318664714,0.0757686961323885,0.0829506813352856,0.0730354722112868,0.0796894280486706,-0.00665395583738379,-0.00665395583738379
"267","225","Blocked","3back",0.877526235741082,0.874851510602573,0.122473764258918,0.125148489397427,0.115534967763283,0.117915017521885,-0.002380049758602,-0.002380049758602
"268","225","Blocked","4back",0.828009325273779,0.824047662247309,0.171990674726221,0.175952337752691,0.158703734404924,0.162078319533247,-0.00337458512832278,-0.00337458512832278
"269","226","Random","1back",0.951857564194901,0.961075902836439,0.0481424358050994,0.0389240971635607,0.0470194886914142,0.0381856557079783,0.00883383298343589,0.00883383298343589
"270","226","Random","2back",0.871650047875505,0.895752543310029,0.128349952124495,0.104247456689971,0.120756346206123,0.0991640682905529,0.0215922779155702,0.0215922779155702
"271","226","Random","3back",0.792632784881267,0.830070075457165,0.207367215118733,0.169929924542835,0.188442133722425,0.156943853462841,0.0314982802595835,0.0314982802595835
"272","226","Random","4back",0.711380028503612,0.762414021723098,0.288619971496388,0.237585978276902,0.253571856202635,0.213162690442742,0.0404091657598926,0.0404091657598926
"273","227","Blocked","1back",0.998440632390553,0.999509723261322,0.00155936760944653,0.000490276738678297,0.00155815305823311,0.000490156592306429,0.00106799646592668,0.00106799646592668
"274","227","Blocked","2back",0.998769486294228,0.99925131091786,0.00123051370577187,0.000748689082139542,0.00122975724427562,0.000748408954279078,0.000481348289996539,0.000481348289996539
"275","227","Blocked","3back",0.984986575059911,0.985633091957728,0.0150134249400886,0.0143669080422718,0.0149018389482399,0.0142646819706332,0.000637156977606787,0.000637156977606787
"276","227","Blocked","4back",0.963881982561672,0.970000428838079,0.0361180174383277,0.0299995711619214,0.035481053795568,0.0295583858938086,0.00592266790175936,0.00592266790175936
"277","228","Random","1back",0.991311049826347,0.978808492568197,0.00868895017365345,0.0211915074318034,0.00865141849664623,0.0209700900871992,-0.0123186715905529,-0.0123186715905529
"278","228","Random","2back",0.969736625055978,0.960412426900339,0.0302633749440215,0.0395875730996605,0.0298144733840394,0.0388240701736046,-0.00900959678956523,-0.00900959678956523
"279","228","Random","3back",0.941757400111898,0.934917309072559,0.058242599888102,0.0650826909274407,0.056609607612119,0.0630524402105687,-0.00644283259844978,-0.00644283259844978
"280","228","Random","4back",0.903441595946879,0.908855063066864,0.0965584040531208,0.0911449369331364,0.0921765515276591,0.0872275458121745,0.00494900571548462,0.00494900571548462
"281","229","Blocked","1back",0.949191578478092,0.948500342936628,0.0508084215219083,0.0514996570633718,0.0495597931879858,0.0502173900201666,-0.000657596832180807,-0.000657596832180807
"282","229","Blocked","2back",0.881959052863574,0.893254964476299,0.118040947136426,0.106745035523701,0.111577999407856,0.101423306985267,0.0101546924225891,0.0101546924225891
"283","229","Blocked","3back",0.81344326454523,0.832864932280386,0.18655673545477,0.167135067719614,0.171055613242893,0.154552085869884,0.0165035273730087,0.0165035273730087
"284","229","Blocked","4back",0.730667081976298,0.760789714324593,0.269332918023702,0.239210285675407,0.238491501073746,0.214474310340599,0.0240171907331462,0.0240171907331462
"285","230","Random","1back",0.933988800572251,0.971964257473644,0.0660111994277495,0.0280357425263561,0.0639238317182486,0.0276499354230556,0.036273896295193,0.036273896295193
"286","230","Random","2back",0.844477569119046,0.909759168063233,0.155522430880954,0.0902408319367668,0.144552562816452,0.0863986185668967,0.0581539442495555,0.0581539442495555
"287","230","Random","3back",0.744639869537212,0.828573067736301,0.255360130462788,0.171426932263699,0.227422487963647,0.158222605926829,0.0691998820368179,0.0691998820368179
"288","230","Random","4back",0.668262470555625,0.738885085275224,0.331737529444375,0.261114914724776,0.286484502734616,0.231996182667964,0.054488320066652,0.054488320066652
"289","231","Blocked","1back",0.99360540307329,0.995615218768686,0.00639459692671018,0.00438478123131414,0.00637423823610405,0.0043751960870505,0.00199904214905356,0.00199904214905356
"290","231","Blocked","2back",0.992121299430325,0.988208796107239,0.00787870056967477,0.0117912038927611,0.00784782567169713,0.01172222931425,-0.00387440364255283,-0.00387440364255283
"291","231","Blocked","3back",0.990081146196643,0.981450876197514,0.00991885380335666,0.0185491238024856,0.00986998485656125,0.0183791870409984,-0.00850920218443714,-0.00850920218443714
"292","231","Blocked","4back",0.980848470512831,0.974735657121397,0.0191515294871692,0.0252643428786031,0.018970447294324,0.024950474832366,-0.00598002753804195,-0.00598002753804195
"293","232","Random","1back",0.965619535381621,0.980454303366449,0.034380464618379,0.0195456966335508,0.0338026625840826,0.0193571326208579,0.0144455299632247,0.0144455299632247
"294","232","Random","2back",0.912879278649576,0.94878964922347,0.0871207213504244,0.0512103507765305,0.0835326611724784,0.0499422153288508,0.0335904458436276,0.0335904458436276
"295","232","Random","3back",0.862782398862537,0.923522053527596,0.137217601137463,0.0764779464724041,0.128584578284378,0.0736945512886097,0.0548900269957683,0.0548900269957683
"296","232","Random","4back",0.80059665848541,0.833064248495332,0.19940334151459,0.166935751504668,0.181824217736878,0.154381297379844,0.0274429203570331,0.0274429203570331
"297","233","Blocked","1back",0.988234151961399,0.989387697254388,0.0117658480386011,0.010612302745612,0.0116971686379157,0.0105563875059181,0.00114078113199757,0.00114078113199757
"298","233","Blocked","2back",0.975584066065549,0.975863277485308,0.0244159339344512,0.0241367225146921,0.0241226296291869,0.0238500357853243,0.000272593843862523,0.000272593843862523
"299","233","Blocked","3back",0.969366754395465,0.958933035551456,0.0306332456045346,0.0410669644485444,0.0301734148862927,0.0402461146038447,-0.010072699717552,-0.010072699717552
"300","233","Blocked","4back",0.954978116470288,0.942124176048343,0.0450218835297117,0.0578758239516571,0.0440378263742687,0.0562629578821364,-0.0122251315078678,-0.0122251315078678
"301","234","Random","1back",0.985838030309031,0.999988937359899,0.0141619696909687,1.10626401010894e-05,0.0140626258360126,1.10625789105377e-05,0.0140515632571021,0.0140515632571021
"302","234","Random","2back",0.971629008331205,0.987240057135272,0.0283709916687954,0.0127599428647277,0.0279759887663312,0.0126792207416601,0.0152967680246711,0.0152967680246711
"303","234","Random","3back",0.963167036066403,0.965338357036248,0.0368329639335968,0.0346616429637515,0.0361708400278926,0.034074458258103,0.00209638176978962,0.00209638176978962
"304","234","Random","4back",0.951315631997239,0.944877074191502,0.0486843680027607,0.0551229258084979,0.0475363956755712,0.0536572774944365,-0.00612088181886531,-0.00612088181886531
"305","235","Blocked","1back",0.953286467783463,0.958069319444579,0.0467135322165373,0.0419306805554212,0.0456552862526981,0.0410754157395895,0.0045798705131086,0.0045798705131086
"306","235","Blocked","2back",0.877146583994601,0.889768989882504,0.122853416005399,0.110231010117496,0.115873138301133,0.104568110893827,0.011305027407306,0.011305027407306
"307","235","Blocked","3back",0.792999430778679,0.809679227560261,0.207000569221321,0.190320772439739,0.188138413715384,0.174222827471615,0.0139155862437685,0.0139155862437685
"308","235","Blocked","4back",0.663131868984621,0.694980857063131,0.336868131015379,0.305019142936869,0.29032966275092,0.26621770958421,0.0241119531667096,0.0241119531667096
"309","236","Random","1back",0.953998749934957,0.989078582655746,0.0460012500650434,0.0109214173442543,0.0449745607328806,0.0108622093658057,0.0341123513670749,0.0341123513670749
"310","236","Random","2back",0.927689633632843,0.970859520670835,0.0723103663671572,0.0291404793291652,0.0698155416104177,0.0287239677760154,0.0410915738344023,0.0410915738344023
"311","236","Random","3back",0.859088945547955,0.960139054095775,0.140911054452045,0.0398609459042247,0.131827113811607,0.0390869983525334,0.0927401154590734,0.0927401154590734
"312","236","Random","4back",0.768172935486899,0.952347739567929,0.231827064513101,0.0476522604320707,0.208498485545186,0.0465517182720629,0.161946767273123,0.161946767273123
"313","237","Random","1back",0.807349729160231,0.997302679012532,0.192650270839769,0.00269732098746822,0.176177949124178,0.00269368974549788,0.17348425937868,0.17348425937868
"314","237","Random","2back",0.626166719815903,0.9786498525492,0.373833280184097,0.0213501474507999,0.317604847416219,0.0211254259834697,0.29647942143275,0.29647942143275
"315","237","Random","3back",0.467718534159364,0.952617482052119,0.532281465840636,0.0473825179478808,0.426757778882189,0.046294211820653,0.380463567061536,0.380463567061536
"316","237","Random","4back",0.336311066203131,0.934728960110439,0.663688933796869,0.065271039889561,0.50903738609978,0.0632292643312643,0.445808121768515,0.445808121768515
"317","238","Random","1back",0.992971254991639,0.994664535385722,0.00702874500836093,0.00533546461427825,0.0070041585210357,0.00532128144976751,0.00168287707126819,0.00168287707126819
"318","238","Random","2back",0.985731475013592,0.985579248381711,0.0142685249864078,0.0144207516182894,0.0141676876518518,0.0143177615285392,-0.000150073876687409,-0.000150073876687409
"319","238","Random","3back",0.954459810973148,0.958474327503365,0.0455401890268523,0.0415256724966347,0.0445336791543072,0.0406866309557907,0.00384704819851652,0.00384704819851652
"320","238","Random","4back",0.911558130203898,0.938232595920865,0.0884418697961025,0.0617674040791351,0.0847471963124521,0.0599348819574115,0.0248123143550405,0.0248123143550405
"321","239","Blocked","1back",0.989375769127824,0.996415590890772,0.0106242308721763,0.00358440910922819,0.0105681903071897,0.00357800042456329,0.00699018988262646,0.00699018988262646
"322","239","Blocked","2back",0.989285511082022,0.996191161921472,0.0107144889179779,0.00380883807852794,0.0106574955235571,0.00380160282090405,0.00685589270265307,0.00685589270265307
"323","239","Blocked","3back",0.975114072254843,0.989090248008118,0.0248859277451565,0.0109097519918816,0.0245813163924541,0.0108506699726556,0.0137306464197985,0.0137306464197985
"324","239","Blocked","4back",0.962455883921509,0.983801859657657,0.0375441160784912,0.0161981403423427,0.0368564937401394,0.0160683501643486,0.0207881435757908,0.0207881435757908
"325","240","Random","1back",0.999009174748554,0.995995173228653,0.000990825251446004,0.00400482677134673,0.000990334708108406,0.00399682879916315,-0.00300649409105474,-0.00300649409105474
"326","240","Random","2back",0.997258101814395,0.992447795867157,0.00274189818560455,0.00755220413284274,0.00273814603987718,0.00752382901279261,-0.00478568297291543,-0.00478568297291543
"327","240","Random","3back",0.98095393665842,0.968958950103207,0.0190460633415801,0.0310410498967935,0.0188669576757961,0.0305690198549992,-0.0117020621792031,-0.0117020621792031
"328","240","Random","4back",0.950038518314475,0.931088612433395,0.0499614816855248,0.0689113875666053,0.0487534793875298,0.0666407357788622,-0.0178872563913324,-0.0178872563913324
"329","241","Blocked","1back",0.995976598413954,0.996097140916327,0.00402340158604597,0.00390285908367272,0.00401532935053734,0.00389526268785248,0.000120066662684865,0.000120066662684865
"330","241","Blocked","2back",0.968314927827653,0.969736221256469,0.0316850721723472,0.0302637787435306,0.0311934578640881,0.0298148653221009,0.00137859254198722,0.00137859254198722
"331","241","Blocked","3back",0.95396364764518,0.954435705211596,0.0460363523548198,0.0455642947884042,0.0450081187241321,0.0445567346847595,0.000451384039372602,0.000451384039372602
"332","241","Blocked","4back",0.925219629384612,0.929845052899883,0.0747803706153876,0.0701549471001169,0.072116334301939,0.0678034483637459,0.00431288593819308,0.00431288593819308
"333","242","Random","1back",0.995614929346396,0.999960707235482,0.00438507065360438,3.9292764517973e-05,0.00437548424578592,3.92919925776334e-05,0.00433619225320828,0.00433619225320828
"334","242","Random","2back",0.982012902809699,0.996970306451869,0.0179870971903012,0.00302969354813099,0.017827243382291,0.0030251132755163,0.0148021301067747,0.0148021301067747
"335","242","Random","3back",0.961030206513633,0.993809501972832,0.0389697934863666,0.00619049802716776,0.0382296390153252,0.00617141560688571,0.0320582234084395,0.0320582234084395
"336","242","Random","4back",0.912134034662152,0.990979521079067,0.0878659653378482,0.00902047892093283,0.0842179472214919,0.00898003742014666,0.0752379098013452,0.0752379098013452
